Arasta of the Endless Web,Theros Beyond Death,1,,Spanish,NM
Araumi of the Dead Tide,Commander Legends,1,,English,NM
Archon of Sun's Grace,Theros Beyond Death,1,,Spanish,NM
Armageddon Clock,Fourth Edition,1,,English,NM
"Atris, Oracle of Half-Truths",Theros Beyond Death,1,,Spanish,NM
Blood Operative,Guilds of Ravnica,1,,Spanish,NM
Brand of Ill Omen,Ice Age,1,,Spanish,LP
"Calix, Destiny's Hand",Theros Beyond Death: Extras,1,,Spanish,NM
"Callaphe, Beloved of the Sea",Theros Beyond Death: Extras,1,,Spanish,NM
Connive // Concoct,Guilds of Ravnica,1,,Spanish,NM
Coralhelm Chronicler,Zendikar Rising,1,,Spanish,NM
Deepglow Skate,Mystery Booster,1,,English,NM
Dryad of the Ilysian Grove,Theros Beyond Death,1,,Spanish,NM
Eidolon of Obstruction,Theros Beyond Death,1,,Spanish,NM
Enigmatic Incarnation,Theros Beyond Death,1,,Spanish,NM
Erebos's Intervention,Theros Beyond Death,1,,Spanish,NM
Fiery Cannonade,Commander Legends,1,foil,English,NM
Firemind's Research,Guilds of Ravnica,1,,Spanish,NM
Gilded Goose,Throne of Eldraine,1,foil,English,NM
Glittering Wish,Mystery Booster,1,foil,English,NM
Gravebreaker Lamia,Theros Beyond Death,1,,Spanish,NM
"Gyruda, Doom of Depths",Ikoria: Lair of Behemoths,1,,English,NM
Idyllic Tutor,Theros Beyond Death,1,,Spanish,NM
Labyrinth of Skophos,Theros Beyond Death,1,,Spanish,NM
"Lazav, the Multifarious",Guilds of Ravnica,1,,Spanish,NM
Mazemind Tome,Core Set 2021,1,,Spanish,NM
Nightmare Shepherd,Theros Beyond Death,1,,Spanish,NM
"Nylea, Keen-Eyed",Theros Beyond Death,1,,Spanish,NM
Nylea's Intervention,Theros Beyond Death,1,,Spanish,NM
Phoenix of Ash,Theros Beyond Death,1,,Spanish,NM
Phyrexian Revoker,Double Masters,1,,English,NM
Protean Thaumaturge,Theros Beyond Death,1,,Spanish,NM
Skyclave Relic,Zendikar Rising,1,,English,NM
Sprite Dragon,Ikoria: Lair of Behemoths,1,,English,NM
Storm Herald,Theros Beyond Death,1,,Spanish,NM
Storm Herald,Theros Beyond Death,1,,English,NM
Storm's Wrath,Theros Beyond Death,1,,Spanish,NM
Temple of Enlightenment,Theros Beyond Death,1,,Spanish,NM
Thassa's Intervention,Theros Beyond Death,1,,Spanish,NM
The First Iroan Games,Theros Beyond Death,1,,Spanish,NM
Treacherous Blessing,Theros Beyond Death,1,,Spanish,NM
Wall of Blossoms,Modern Horizons,1,,English,NM
Wavebreak Hippocamp,Theros Beyond Death,1,,Spanish,NM
Woe Strider,Theros Beyond Death,1,,Spanish,NM